GROUP,PACKAGE,CLASS,INSTRUCTION_MISSED,INSTRUCTION_COVERED,BRANCH_MISSED,BRANCH_COVERED,LINE_MISSED,LINE_COVERED,COMPLEXITY_MISSED,COMPLEXITY_COVERED,METHOD_MISSED,METHOD_COVERED
kabusapi-enums,com.github.hiuchida.kabusapi.enums.deliv,TimeInForceCode,0,91,0,6,0,13,0,8,0,5
kabusapi-enums,com.github.hiuchida.kabusapi.enums.deliv,FrontOrderTypeDCode,0,108,0,4,0,11,0,7,0,5
kabusapi-enums,com.github.hiuchida.kabusapi.enums.deliv,TradeTypeCode,0,75,0,4,0,11,0,7,0,5
kabusapi-enums,com.github.hiuchida.kabusapi.enums.deliv,AfterHitOrderTypeDCode,0,75,0,4,0,11,0,7,0,5
kabusapi-enums,com.github.hiuchida.kabusapi.enums.deliv,ExchangeDCode,0,86,0,4,0,11,0,7,0,5
kabusapi-enums,com.github.hiuchida.kabusapi.enums.stock,DelivTypeCode,0,91,0,6,0,13,0,8,0,5
kabusapi-enums,com.github.hiuchida.kabusapi.enums.stock,AfterHitOrderTypeSCode,0,86,0,4,0,11,0,7,0,5
kabusapi-enums,com.github.hiuchida.kabusapi.enums.stock,CashmarginStockCode,0,86,0,4,0,11,0,7,0,5
kabusapi-enums,com.github.hiuchida.kabusapi.enums.stock,FrontOrderTypeSCode,0,218,0,4,0,12,0,7,0,5
kabusapi-enums,com.github.hiuchida.kabusapi.enums.stock,MarginTradeTypeCode,0,91,0,6,0,13,0,8,0,5
kabusapi-enums,com.github.hiuchida.kabusapi.enums.stock,FundTypeCode,0,94,0,4,0,10,0,6,0,4
kabusapi-enums,com.github.hiuchida.kabusapi.enums.stock,SecurityTypeSCode,0,64,0,4,0,11,0,7,0,5
kabusapi-enums,com.github.hiuchida.kabusapi.enums.stock,AccountTypeCode,0,91,0,6,0,13,0,8,0,5
kabusapi-enums,com.github.hiuchida.kabusapi.enums.stock,ExchangeSCode,0,97,0,4,0,11,0,7,0,5
kabusapi-enums,com.github.hiuchida.kabusapi.enums.stock,TriggerSecCode,0,86,0,4,0,11,0,7,0,5
kabusapi-enums,com.github.hiuchida.kabusapi.enums.board,SignCode,0,186,0,6,0,13,0,7,0,4
kabusapi-enums,com.github.hiuchida.kabusapi.enums.commons,ClosePositionOrderCode,0,141,0,4,0,12,0,7,0,5
kabusapi-enums,com.github.hiuchida.kabusapi.enums.commons,SecurityTypeCode,0,201,0,6,0,14,0,8,0,5
kabusapi-enums,com.github.hiuchida.kabusapi.enums.commons,SideCode,0,123,0,10,0,18,0,11,0,6
kabusapi-enums,com.github.hiuchida.kabusapi.enums.commons,ExchangeCode,0,135,0,6,0,13,0,8,0,5
kabusapi-enums,com.github.hiuchida.kabusapi.enums.commons,ProductCode,0,108,0,4,0,11,0,7,0,5
kabusapi-enums,com.github.hiuchida.kabusapi.enums.commons,UnderOverCode,0,75,0,4,0,11,0,7,0,5
kabusapi-enums,com.github.hiuchida.kabusapi.enums.symbolname.option,OptionCode,0,72,0,4,0,10,0,6,0,4
kabusapi-enums,com.github.hiuchida.kabusapi.enums.symbolname.option,PutOrCallCode,0,72,0,4,0,10,0,6,0,4
kabusapi-enums,com.github.hiuchida.kabusapi.enums.orders,StateOCode,0,113,0,6,0,13,0,8,0,5
kabusapi-enums,com.github.hiuchida.kabusapi.enums.orders,CashmarginOCode,0,80,0,6,0,13,0,8,0,5
kabusapi-enums,com.github.hiuchida.kabusapi.enums.orders,ExchangeOCode,0,146,0,6,0,13,0,8,0,5
kabusapi-enums,com.github.hiuchida.kabusapi.enums.orders,OrdTypeOCode,0,135,0,6,0,13,0,8,0,5
kabusapi-enums,com.github.hiuchida.kabusapi.enums.orders,RecTypeOCode,0,146,0,6,0,13,0,8,0,5
kabusapi-enums,com.github.hiuchida.kabusapi.enums.util,EnumsUtil,0,57,0,16,0,8,0,16,0,8
kabusapi-enums,com.github.hiuchida.kabusapi.enums.symbolname.future,FutureCode,0,171,0,4,0,12,0,6,0,4
